ckey,county,facilities,beds,beds_public,lvl4plus,lvl5plus,n_bedded,hhi,largest_share,pop,land_km2,beds_per_10k,pub_beds_per_10k,lvl4plus_per_100k,pop_per_bedded_fac
BARINGO,Baringo,187,736,555,4,0,42,0.09584342509451796,0.23233695652173914,666763.0,10984.62209,11.038404950484656,8.323797211302967,0.59991331252634,15875.309523809523
BOMET,Bomet,128,954,448,6,1,41,0.15936430081440164,0.31446540880503143,875689.0,2507.07622,10.894278676562113,5.115971537840489,0.6851747595322083,21358.268292682926
BUNGOMA,Bungoma,202,1753,1048,12,0,83,0.047017434703250136,0.12721049629207073,1670570.0,3023.93798,10.493424400055071,6.273307912868063,0.7183176999467247,20127.349397590362
BUSIA,Busia,116,1221,721,7,0,45,0.07569083490459412,0.15233415233415235,893681.0,1699.78361,13.662593251954558,8.067755720441633,0.7832772544118091,19859.577777777777
ELGEYOMARAKWET,Elegeyo-Marakwet,102,732,398,7,0,19,0.1117195198423363,0.22814207650273224,454480.0,3032.05926,16.106319309980638,8.757261045590564,1.5402217919380392,23920.0
EMBU,Embu,156,1343,888,5,1,26,0.3090495988964593,0.5323901712583767,608599.0,2820.67485,22.06707536489544,14.590888253184772,0.8215590232649084,23407.653846153848
GARISSA,Garissa,133,692,470,11,1,23,0.16557101807611346,0.33670520231213874,841353.0,44753.20037,8.224847358956348,5.586240258250698,1.3074179327820783,36580.565217391304
HOMABAY,Homa Bay,250,1775,906,15,0,125,0.049538424915691326,0.16225352112676056,1131950.0,3152.52616,15.68090463359689,8.003887097486638,1.3251468704448077,9055.6
ISIOLO,Isiolo,49,587,507,3,0,37,0.35347056757862716,0.5792163543441227,268002.0,25349.18759,21.902821620734173,18.917769270378578,1.1193946313833478,7243.2972972972975
KAJIADO,Kajiado,271,1349,615,11,0,97,0.032408488620459044,0.10526315789473684,1117840.0,21871.18482,12.067916696486082,5.501681814928791,0.9840406498246619,11524.123711340206
KAKAMEGA,Kakamega,255,2212,1396,14,1,116,0.07915806925237646,0.23869801084990958,1867579.0,3016.62375,11.844211141804443,7.474918062368446,0.7496336165699015,16099.818965517241
KERICHO,Kericho,183,1279,916,15,0,77,0.09327740287717451,0.20093823299452698,901777.0,2436.08845,14.183107353591852,10.157721920164297,1.6633824105072539,11711.38961038961
KIAMBU,Kiambu,416,2590,1279,26,1,69,0.05969141783813599,0.12432432432432433,2417735.0,2538.69668,10.712505712991705,5.290075215025633,1.0753866738910591,35039.637681159424
KILIFI,Kilifi,203,950,625,8,0,43,0.10885096952908586,0.21052631578947367,1453787.0,12553.26504,6.534657415426056,4.299116720675037,0.5502869402464047,33809.0
KIRINYAGA,Kirinyaga,204,926,560,6,0,27,0.16393461741203252,0.3488120950323974,610411.0,1478.31076,15.170106698601433,9.17414659958618,0.9829442785270908,22607.814814814814
KISII,Kisii,159,2287,996,21,1,58,0.08314843560750683,0.17446436379536512,1266860.0,1323.27643,18.052507775129058,7.861957911687163,1.6576417283677753,21842.41379310345
KISUMU,Kisumu,202,2600,1179,22,1,86,0.05891183431952663,0.17576923076923076,1155574.0,2085.43324,22.499640871116863,10.202721764248762,1.9038157660175807,13436.906976744185
KITUI,Kitui,309,1421,860,13,0,92,0.05721803390481869,0.1717100633356791,1136187.0,30429.60586,12.506744048294868,7.569176552803368,1.1441778510051601,12349.858695652174
KWALE,Kwale,114,333,315,2,0,16,0.27287648008368726,0.46546546546546547,866820.0,8253.65541,3.8416280196580606,3.633972451027895,0.2307284095890727,54176.25
LAIKIPIA,Laikipia,108,797,466,8,0,53,0.0974435185899444,0.2120451693851945,518560.0,9507.64111,15.369484726936129,8.986423943227399,1.54273372415921,9784.150943396226
LAMU,Lamu,47,166,156,3,0,12,0.33067208593409786,0.4819277108433735,143920.0,6283.02473,11.534185658699277,10.839355197331852,2.084491384102279,11993.333333333334
MACHAKOS,Machakos,320,2167,1245,11,1,141,0.076448783180352,0.19935394554683894,1421932.0,6037.26955,15.239828627529306,8.755692958594363,0.7735953618035181,10084.624113475178
MAKUENI,Makueni,236,1132,837,9,0,112,0.03972611719462098,0.13957597173144876,987653.0,8176.66642,11.461515329776754,8.474636334826098,0.9112512187985051,8818.330357142857
MANDERA,Mandera,85,508,389,7,0,26,0.11574648149296299,0.2618110236220472,867457.0,25942.15093,5.856198059385076,4.484372136025186,0.8069564255058176,33363.730769230766
MARSABIT,Marsabit,91,553,306,4,0,25,0.13797828056074218,0.23508137432188064,459785.0,70944.26652,12.027360614200115,6.655284535163173,0.8699718346618528,18391.4
MERU,Meru,429,2109,801,22,1,42,0.07654408919663094,0.15315315315315314,1545714.0,7013.94615,13.644179971197778,5.182071198164731,1.4232904664122858,36802.71428571428
MIGORI,Migori,208,1995,749,12,0,153,0.03211763745202606,0.08270676691729323,1116436.0,2613.4842,17.86936286540384,6.708848514379687,1.0748488941596295,7296.967320261438
MOMBASA,Mombasa,250,1632,789,15,2,52,0.13664065503652442,0.32598039215686275,1208333.0,219.89648,13.50621062240293,6.529656973698476,1.241379652794387,23237.173076923078
MURANGA,Murang'A,219,724,578,9,0,21,0.23896935380482895,0.4530386740331492,1056640.0,2522.7671,6.8519079345851,5.470169594185342,0.8517565112053301,50316.19047619047
NAIROBICITY,Nairobi,783,7757,3896,37,7,217,0.08081559289418404,0.24261956942116797,4397073.0,703.87005,17.641280915736445,8.860439660656077,0.8414688589432107,20263.00921658986
NAKURU,Nakuru,357,2563,1583,22,1,105,0.08017072389898629,0.25595005852516584,2162202.0,7504.90539,11.853656596377213,7.321240106151044,1.0174812529079151,20592.4
NANDI,Nandi,169,714,524,5,0,31,0.11928300732057528,0.28851540616246496,885711.0,2849.40171,8.061320227478262,5.916150979269762,0.5645182232127636,28571.322580645163
NAROK,Narok,149,1089,441,7,0,47,0.09205756538588997,0.20202020202020202,1157873.0,17931.68124,9.405176560814528,3.808707863470346,0.6045568037254517,24635.59574468085
NYAMIRA,Nyamira,120,930,576,7,0,103,0.07572436119782633,0.24193548387096775,605576.0,897.32251,15.357279680832793,9.5116054797416,1.1559242770519307,5879.378640776699
NYANDARUA,Nyandarua,141,646,426,3,0,32,0.19229552665126665,0.3219814241486068,638289.0,3285.75857,10.120807345888775,6.674092769889501,0.4700065330908099,19946.53125
NYERI,Nyeri,299,1801,1088,10,1,38,0.10229834064054118,0.21321488062187674,759164.0,3324.98164,23.72346423170751,14.331554183285824,1.3172384359637705,19978.0
SAMBURU,Samburu,72,607,315,3,0,26,0.21357365605551917,0.31960461285008235,310327.0,21089.68545,19.56001250294045,10.150583094606658,0.9667221994863483,11935.653846153846
SIAYA,Siaya,177,950,633,9,0,68,0.0905573407202216,0.25263157894736843,993183.0,2529.73596,9.565206009365847,6.373447793609032,0.9061774114136065,14605.632352941177
TAITATAVETA,Taita Taveta,84,436,406,9,0,19,0.1576782257385742,0.25688073394495414,340671.0,17152.00571,12.798271646251075,11.917656624720037,2.6418450645931117,17930.052631578947
TANARIVER,Tana River,55,238,230,3,0,20,0.3686886519313608,0.5546218487394958,315943.0,37903.62209,7.533004371041612,7.27979414008223,0.9495383660976822,15797.15
THARAKANITHI,Tharaka-Nithi,134,851,255,6,0,22,0.19296162253297078,0.3901292596944771,393177.0,2564.35738,21.64419587107079,6.485628610015336,1.5260302611800791,17871.68181818182
TRANSNZOIA,Trans Nzoia,152,784,508,8,1,32,0.1356140670553936,0.33418367346938777,990341.0,2495.17422,7.916465136755925,5.129546287591849,0.8078025649750944,30948.15625
TURKANA,Turkana,163,576,277,8,0,31,0.061505353009259266,0.11458333333333333,926976.0,68233.0758,6.2137531068765535,2.9882111295222313,0.8630212648439658,29902.451612903227
UASINGISHU,Uasin Gishu,168,1634,926,11,1,56,0.16559523827358952,0.3769889840881273,1163186.0,3398.61337,14.047624369619303,7.960893614606778,0.9456785071347145,20771.178571428572
VIHIGA,Vihiga,78,827,431,5,0,54,0.06697625045874644,0.20556227327690446,590013.0,563.75651,14.016640311315175,7.304923789814801,0.8474389547348956,10926.166666666666
WAJIR,Wajir,88,382,382,10,0,13,0.1937309832515556,0.3403141361256545,781263.0,56773.81413,4.889518638409856,4.889518638409856,1.2799787011544128,60097.153846153844
WESTPOKOT,West Pokot,111,506,344,5,0,12,0.20516646096642663,0.3359683794466403,621241.0,9123.28014,8.144987211082332,5.537303558522376,0.8048406335061594,51770.083333333336
